{"cameraMode":{"drawMode":0,"name":"Shaded","section":"Shading Mode"},"sceneLighting":false,"audioPlay":false,"sceneViewState":{"showFog":false,"showMaterialUpdate":false,"showSkybox":false,"showFlares":false,"showImageEffects":false,"showParticleSystems":false},"in2DMode":false,"pivot":{"x":-0.01383984088897705,"y":0.05971536785364151,"z":-0.0013994276523590088},"rotation":{"x":-0.1655953824520111,"y":0.7703325152397156,"z":-0.22389492392539979,"w":-0.5730319023132324},"size":1.443787693977356,"orthographic":false}