{"cameraMode":{"drawMode":0,"name":"Shaded","section":"Shading Mode"},"sceneLighting":false,"audioPlay":false,"sceneViewState":{"showFog":false,"showMaterialUpdate":false,"showSkybox":false,"showFlares":false,"showImageEffects":false,"showParticleSystems":false},"in2DMode":false,"pivot":{"x":-19.132055282592775,"y":3.5077919960021974,"z":0.04141625761985779},"rotation":{"x":0.06233732029795647,"y":0.6842414140701294,"z":0.05788834020495415,"w":-0.7238858342170715},"size":10.0,"orthographic":false}