{"cameraMode":{"drawMode":0,"name":"Shaded","section":"Shading Mode"},"sceneLighting":false,"audioPlay":false,"sceneViewState":{"showFog":false,"showMaterialUpdate":false,"showSkybox":false,"showFlares":false,"showImageEffects":false,"showParticleSystems":false},"in2DMode":false,"pivot":{"x":0.4983879327774048,"y":-0.0970911979675293,"z":-0.18796062469482423},"rotation":{"x":-0.1880195289850235,"y":-0.03735983744263649,"z":0.007301521021872759,"w":-0.9813189506530762},"size":1.4304474592208863,"orthographic":false}