{"cameraMode":{"drawMode":0,"name":"Shaded","section":"Shading Mode"},"sceneLighting":false,"audioPlay":false,"sceneViewState":{"showFog":false,"showMaterialUpdate":false,"showSkybox":false,"showFlares":false,"showImageEffects":false,"showParticleSystems":false},"in2DMode":false,"pivot":{"x":-0.6547006964683533,"y":1.1060869693756104,"z":-0.33467715978622439},"rotation":{"x":-0.035849012434482577,"y":-0.7384344935417175,"z":0.04070675000548363,"w":-0.6712297201156616},"size":1.2629331350326539,"orthographic":false}