{"cameraMode":{"drawMode":0,"name":"Shaded","section":"Shading Mode"},"sceneLighting":false,"audioPlay":false,"sceneViewState":{"showFog":false,"showMaterialUpdate":false,"showSkybox":false,"showFlares":false,"showImageEffects":false,"showParticleSystems":false},"in2DMode":false,"pivot":{"x":-0.7247481942176819,"y":0.48665618896484377,"z":0.13344208896160127},"rotation":{"x":-0.3482714593410492,"y":0.015003790147602559,"z":-0.00531819136813283,"w":-0.937142014503479},"size":1.4406812191009522,"orthographic":false}