{"cameraMode":{"drawMode":0,"name":"Shaded","section":"Shading Mode"},"sceneLighting":false,"audioPlay":false,"sceneViewState":{"showFog":false,"showMaterialUpdate":false,"showSkybox":false,"showFlares":false,"showImageEffects":false,"showParticleSystems":false},"in2DMode":false,"pivot":{"x":0.6553806662559509,"y":0.1177862137556076,"z":-0.25865232944488528},"rotation":{"x":0.0018151490949094296,"y":0.9784085154533386,"z":-0.20579388737678529,"w":0.010985388420522213},"size":1.4406955242156983,"orthographic":false}