{"cameraMode":{"drawMode":0,"name":"Shaded","section":"Shading Mode"},"sceneLighting":false,"audioPlay":false,"sceneViewState":{"showFog":false,"showMaterialUpdate":false,"showSkybox":false,"showFlares":false,"showImageEffects":false,"showParticleSystems":false},"in2DMode":false,"pivot":{"x":-0.40056082606315615,"y":0.21773450076580048,"z":0.20565320551395417},"rotation":{"x":0.006368125788867474,"y":-0.9127582311630249,"z":0.40794894099235537,"w":0.013891810551285744},"size":1.440680980682373,"orthographic":false}