{"cameraMode":{"drawMode":0,"name":"Shaded","section":"Shading Mode"},"sceneLighting":false,"audioPlay":false,"sceneViewState":{"showFog":false,"showMaterialUpdate":false,"showSkybox":false,"showFlares":false,"showImageEffects":false,"showParticleSystems":false},"in2DMode":false,"pivot":{"x":-0.041802823543548587,"y":0.060703109949827197,"z":-0.0362546443939209},"rotation":{"x":-0.19641432166099549,"y":-0.36866483092308047,"z":0.07884487509727478,"w":-0.9049022197723389},"size":0.3611120283603668,"orthographic":false}