{"cameraMode":{"drawMode":0,"name":"Shaded","section":"Shading Mode"},"sceneLighting":false,"audioPlay":false,"sceneViewState":{"showFog":false,"showMaterialUpdate":false,"showSkybox":false,"showFlares":false,"showImageEffects":false,"showParticleSystems":false},"in2DMode":false,"pivot":{"x":0.6201091408729553,"y":0.5600648522377014,"z":-0.6019420027732849},"rotation":{"x":-0.19641432166099549,"y":-0.36866483092308047,"z":0.07884487509727478,"w":-0.9049022197723389},"size":0.5005441308021545,"orthographic":false}