{"cameraMode":{"drawMode":0,"name":"Shaded","section":"Shading Mode"},"sceneLighting":false,"audioPlay":false,"sceneViewState":{"showFog":false,"showMaterialUpdate":false,"showSkybox":false,"showFlares":false,"showImageEffects":false,"showParticleSystems":false},"in2DMode":false,"pivot":{"x":-0.046924103051424029,"y":-0.20390638709068299,"z":0.46604353189468386},"rotation":{"x":-0.2186984270811081,"y":-0.050269048660993579,"z":0.01142678689211607,"w":-0.9743211269378662},"size":1.4406824111938477,"orthographic":false}