{"cameraMode":{"drawMode":0,"name":"Shaded","section":"Shading Mode"},"sceneLighting":false,"audioPlay":false,"sceneViewState":{"showFog":false,"showMaterialUpdate":false,"showSkybox":false,"showFlares":false,"showImageEffects":false,"showParticleSystems":false},"in2DMode":false,"pivot":{"x":0.0,"y":0.5597923398017883,"z":-0.8525185585021973},"rotation":{"x":-0.19641432166099549,"y":-0.36866483092308047,"z":0.07884487509727478,"w":-0.9049022197723389},"size":1.0125999450683594,"orthographic":false}