{"cameraMode":{"drawMode":0,"name":"Shaded","section":"Shading Mode"},"sceneLighting":false,"audioPlay":false,"sceneViewState":{"showFog":false,"showMaterialUpdate":false,"showSkybox":false,"showFlares":false,"showImageEffects":false,"showParticleSystems":false},"in2DMode":false,"pivot":{"x":1.3510857820510865,"y":-0.6705543994903565,"z":-1.4232566356658936},"rotation":{"x":-0.11220621317625046,"y":-0.7756665349006653,"z":0.1417214721441269,"w":-0.6042544841766357},"size":1.4303431510925294,"orthographic":false}