{"cameraMode":{"drawMode":0,"name":"Shaded","section":"Shading Mode"},"sceneLighting":false,"audioPlay":false,"sceneViewState":{"showFog":false,"showMaterialUpdate":false,"showSkybox":false,"showFlares":false,"showImageEffects":false,"showParticleSystems":false},"in2DMode":false,"pivot":{"x":7.983614921569824,"y":-0.382299542427063,"z":-4.4734368324279789},"rotation":{"x":0.2623312473297119,"y":0.49687907099723818,"z":-0.15984249114990235,"w":0.8113797307014465},"size":1.4304476976394654,"orthographic":false}