{"cameraMode":{"drawMode":0,"name":"Shaded","section":"Shading Mode"},"sceneLighting":false,"audioPlay":false,"sceneViewState":{"showFog":false,"showMaterialUpdate":false,"showSkybox":false,"showFlares":false,"showImageEffects":false,"showParticleSystems":false},"in2DMode":false,"pivot":{"x":-0.054933831095695499,"y":-0.9218303561210632,"z":2.415182590484619},"rotation":{"x":0.17773547768592835,"y":0.015789877623319627,"z":-0.00285415374673903,"w":0.9834169149398804},"size":1.4303431510925294,"orthographic":false}