{"cameraMode":{"drawMode":0,"name":"Shaded","section":"Shading Mode"},"sceneLighting":false,"audioPlay":false,"sceneViewState":{"showFog":false,"showMaterialUpdate":false,"showSkybox":false,"showFlares":false,"showImageEffects":false,"showParticleSystems":false},"in2DMode":false,"pivot":{"x":-19.233789443969728,"y":0.2263803631067276,"z":-3.620958089828491},"rotation":{"x":0.0031951044220477344,"y":0.7521800994873047,"z":0.0027760248631238939,"w":-0.6585138440132141},"size":10.0,"orthographic":false}